document_id,document_name,hazard_type,statement_key,threshold_index,total_thresholds,threshold_text,source_authority,lead_time,is_conditional,condition_dependency,activation_type,has_stop_mechanism
16389,Honduras - Floods EAP (MDRHN027),Flood,trigger_statement_1,0,3,60 per cent or greater probability,"CENAOS, NOAA",3 to 5 days,False,,dual-trigger,True
16389,Honduras - Floods EAP (MDRHN027),Flood,trigger_statement_1,1,3,Tropical storm with wind speed of 34 knots or stronger,"CENAOS, NOAA",3 to 5 days,False,,dual-trigger,True
16389,Honduras - Floods EAP (MDRHN027),Flood,trigger_statement_1,2,3,Forecast lead time of 3 to 5 days,"CENAOS, NOAA",3 to 5 days,False,,dual-trigger,True
16389,Honduras - Floods EAP (MDRHN027),Flood,trigger_statement_2,0,3,50 per cent or greater probability of river flooding,GEOGLOWS/GloFAS model,3 days,True,Trigger 2 is conditional on Trigger 1 being met first; Trigger 2 formally activates the EAP.,dual-trigger,True
16389,Honduras - Floods EAP (MDRHN027),Flood,trigger_statement_2,1,3,Flood magnitude with a 10-year return period,GEOGLOWS/GloFAS model,3 days,True,Trigger 2 is conditional on Trigger 1 being met first; Trigger 2 formally activates the EAP.,dual-trigger,True
16389,Honduras - Floods EAP (MDRHN027),Flood,trigger_statement_2,2,3,Forecast lead time of 3 days,GEOGLOWS/GloFAS model,3 days,True,Trigger 2 is conditional on Trigger 1 being met first; Trigger 2 formally activates the EAP.,dual-trigger,True
16393,South Sudan - Floods sEAP (MDRSS017),Flood,trigger_statement_1,0,1,Predicted increase in Sudd inundation extent over the next two months greater than 5% compared to seasonal minimum,"INFLOW-AI model developed through the INFLOW project, shared by South Sudan Flood Taskforce Technical Working Group",2 months ahead,False,,single-trigger,False
16399,Malawi - Pluvial Floods sEAP (MDRMW023),Flood,trigger_statement_1,0,3,Seasonal weather outlook indicating normal to above-normal rainfall,"Department of Climate Change and Meteorological Services (DCCMS), Malawi Red Cross Society (MRCS)","Seasonal outlook (months ahead), readiness activated upon forecast issuance",False,,multi-stage,True
16399,Malawi - Pluvial Floods sEAP (MDRMW023),Flood,trigger_statement_1,1,3,High probability of wetter-than-average conditions expected between November and March,"Department of Climate Change and Meteorological Services (DCCMS), Malawi Red Cross Society (MRCS)","Seasonal outlook (months ahead), readiness activated upon forecast issuance",False,,multi-stage,True
16399,Malawi - Pluvial Floods sEAP (MDRMW023),Flood,trigger_statement_1,2,3,"Anticipated rainfall totals exceeding the seasonal average of 800 mm to 1,200 mm across identified catchment areas","Department of Climate Change and Meteorological Services (DCCMS), Malawi Red Cross Society (MRCS)","Seasonal outlook (months ahead), readiness activated upon forecast issuance",False,,multi-stage,True
16399,Malawi - Pluvial Floods sEAP (MDRMW023),Flood,trigger_statement_2,0,5,"Rainfall forecast of 100 to 150 mm or more within 72 hours in key basins (Shire, Linthipe, Lake Chilwa, etc.)","Department of Climate Change and Meteorological Services (DCCMS), Malawi Red Cross Society (MRCS)",3–5 days for forecast-based triggers; 2–5 days for observational triggers,True,Pre-activation (Tier 1) based on forecast triggers must occur before full activation (Tier 2) based on observational data.,multi-stage,True
16399,Malawi - Pluvial Floods sEAP (MDRMW023),Flood,trigger_statement_2,1,5,Cyclone forecast predicting 100 mm or more rainfall within 24 hours in flood-prone districts,"Department of Climate Change and Meteorological Services (DCCMS), Malawi Red Cross Society (MRCS)",3–5 days for forecast-based triggers; 2–5 days for observational triggers,True,Pre-activation (Tier 1) based on forecast triggers must occur before full activation (Tier 2) based on observational data.,multi-stage,True
16399,Malawi - Pluvial Floods sEAP (MDRMW023),Flood,trigger_statement_2,2,5,Rainfall forecast combined with exposure analysis showing 30% or more of households at risk,"Department of Climate Change and Meteorological Services (DCCMS), Malawi Red Cross Society (MRCS)",3–5 days for forecast-based triggers; 2–5 days for observational triggers,True,Pre-activation (Tier 1) based on forecast triggers must occur before full activation (Tier 2) based on observational data.,multi-stage,True
16399,Malawi - Pluvial Floods sEAP (MDRMW023),Flood,trigger_statement_2,3,5,River gauge readings exceed alert stage at two or more stations (real-time),"Department of Climate Change and Meteorological Services (DCCMS), Malawi Red Cross Society (MRCS)",3–5 days for forecast-based triggers; 2–5 days for observational triggers,True,Pre-activation (Tier 1) based on forecast triggers must occur before full activation (Tier 2) based on observational data.,multi-stage,True
16399,Malawi - Pluvial Floods sEAP (MDRMW023),Flood,trigger_statement_2,4,5,Inundation modelling projects 30% or more of households affected in flood-risk zones,"Department of Climate Change and Meteorological Services (DCCMS), Malawi Red Cross Society (MRCS)",3–5 days for forecast-based triggers; 2–5 days for observational triggers,True,Pre-activation (Tier 1) based on forecast triggers must occur before full activation (Tier 2) based on observational data.,multi-stage,True
16401,Zimbabwe - Cholera sEAP (MDRZW026),Cholera,trigger_statement_1,0,3,Phase 1: A confirmed cholera case in any district of the country,Zimbabwe Red Cross Society (ZRCS) sEAP based on Government of Zimbabwe case and outbreak definitions,,True,Phase 2 activation depends on confirmation of cases in Harare following Phase 1; Phase 3 activation depends on evidence of community transmission in Harare and spread to other districts following Phase 2,multi-stage,False
16401,Zimbabwe - Cholera sEAP (MDRZW026),Cholera,trigger_statement_1,1,3,Phase 2: A confirmed cholera case in Harare,Zimbabwe Red Cross Society (ZRCS) sEAP based on Government of Zimbabwe case and outbreak definitions,,True,Phase 2 activation depends on confirmation of cases in Harare following Phase 1; Phase 3 activation depends on evidence of community transmission in Harare and spread to other districts following Phase 2,multi-stage,False
16401,Zimbabwe - Cholera sEAP (MDRZW026),Cholera,trigger_statement_1,2,3,Phase 3: Evidence of community transmission in Harare and spread to additional districts,Zimbabwe Red Cross Society (ZRCS) sEAP based on Government of Zimbabwe case and outbreak definitions,,True,Phase 2 activation depends on confirmation of cases in Harare following Phase 1; Phase 3 activation depends on evidence of community transmission in Harare and spread to other districts following Phase 2,multi-stage,False
16410,Mauritania - Flood sEAP (MDRMR020),Flood,trigger_statement_1,0,4,40% or greater probability that total seasonal precipitation will be above normal (upper tercile),"CEPMMT SEAS5, ECMWF, ONM, SONADER",Pre-season (months ahead) for first trigger; 5 days for second trigger,False,,dual-trigger,False
16410,Mauritania - Flood sEAP (MDRMR020),Flood,trigger_statement_1,1,4,ECMWF EFI > 0.8 forecast,"CEPMMT SEAS5, ECMWF, ONM, SONADER",Pre-season (months ahead) for first trigger; 5 days for second trigger,False,,dual-trigger,False
16410,Mauritania - Flood sEAP (MDRMR020),Flood,trigger_statement_1,2,4,ONM forecast of precipitation exceeding 25 mm over the next 5 days,"CEPMMT SEAS5, ECMWF, ONM, SONADER",Pre-season (months ahead) for first trigger; 5 days for second trigger,False,,dual-trigger,False
16410,Mauritania - Flood sEAP (MDRMR020),Flood,trigger_statement_1,3,4,Hydrological monitoring bulletins from SONADER,"CEPMMT SEAS5, ECMWF, ONM, SONADER",Pre-season (months ahead) for first trigger; 5 days for second trigger,False,,dual-trigger,False
16416,Pakistan - Riverine Floods EAP (MDRPK029),Flood,trigger_statement_1,0,2,Flood flows greater than 2-year return period to 5-year return period with a probability of more than 70% at respective upstream gauging stations,"Global Flood Awareness System (GLOFAS), Pakistan Meteorological Department (PMD)",3 to 10 days depending on river section,False,,multi-stage,False
16416,Pakistan - Riverine Floods EAP (MDRPK029),Flood,trigger_statement_1,1,2,Weekly weather outlooks from PMD for Kabul and Swat River sections,"Global Flood Awareness System (GLOFAS), Pakistan Meteorological Department (PMD)",3 to 10 days depending on river section,False,,multi-stage,False
16416,Pakistan - Riverine Floods EAP (MDRPK029),Flood,trigger_statement_2,0,2,"Observed flood flows in Kabul River at Nowshera station over 200,000 cusecs","Flood Forecast Division (FFD), Pakistan Irrigation Department (PID)",6 hours,False,,multi-stage,False
16416,Pakistan - Riverine Floods EAP (MDRPK029),Flood,trigger_statement_2,1,2,"Observed flood flows in Swat River at Munda Headworks over 150,000 cusecs","Flood Forecast Division (FFD), Pakistan Irrigation Department (PID)",6 hours,False,,multi-stage,False
16416,Pakistan - Riverine Floods EAP (MDRPK029),Flood,trigger_statement_3,0,3,"Flood inflows in Indus at Tarbela of 400,000 cusecs or above in next 24 hours",Flood Forecast Division (FFD),48 hours,False,,multi-stage,False
16416,Pakistan - Riverine Floods EAP (MDRPK029),Flood,trigger_statement_3,1,3,"High flood inflows in Indus at Kalabagh of 500,000 cusecs or above in next 24 hours",Flood Forecast Division (FFD),48 hours,False,,multi-stage,False
16416,Pakistan - Riverine Floods EAP (MDRPK029),Flood,trigger_statement_3,2,3,"High flood inflows in Indus at Chashma of 550,000 cusecs or above in next 24 hours",Flood Forecast Division (FFD),48 hours,False,,multi-stage,False
16416,Pakistan - Riverine Floods EAP (MDRPK029),Flood,trigger_statement_4,0,2,"Observed outflows in Tarbela above 400,000 cusecs or observed flood outflows of Indus at Kalabagh above 500,000 cusecs or at Chashma above 550,000 cusecs",Flood Forecast Division (FFD),4 days,True,Both observed outflows and forecasted inflows criteria must be met,multi-stage,False
16416,Pakistan - Riverine Floods EAP (MDRPK029),Flood,trigger_statement_4,1,2,"Forecasted high flood inflows above 550,000 cusecs in Indus at Taunsa in next 24 hours",Flood Forecast Division (FFD),4 days,True,Both observed outflows and forecasted inflows criteria must be met,multi-stage,False
16416,Pakistan - Riverine Floods EAP (MDRPK029),Flood,trigger_statement_5,0,2,"Forecasted high flood inflows of Chenab River at Trimmu of 300,000 cusecs or above in next 24 hours",Flood Forecast Division (FFD),24 hours,True,Evacuation only triggered after observed flood outflows exceed threshold,multi-stage,False
16416,Pakistan - Riverine Floods EAP (MDRPK029),Flood,trigger_statement_5,1,2,"Observed flood outflows of Chenab River at Trimmu above 300,000 cusecs",Flood Forecast Division (FFD),24 hours,True,Evacuation only triggered after observed flood outflows exceed threshold,multi-stage,False
16416,Pakistan - Riverine Floods EAP (MDRPK029),Flood,trigger_statement_6,0,4,"Forecasted high flood inflows above 550,000 cusecs in Indus at Taunsa in next 24 hours",Flood Forecast Division (FFD),4 days,False,,multi-stage,False
16416,Pakistan - Riverine Floods EAP (MDRPK029),Flood,trigger_statement_6,1,4,"Forecasted high flood inflows above 300,000 cusecs in Chenab at Trimmu or Punjnad in next 24 hours",Flood Forecast Division (FFD),4 days,False,,multi-stage,False
16416,Pakistan - Riverine Floods EAP (MDRPK029),Flood,trigger_statement_6,2,4,"Observed outflows of Indus River at Taunsa above 550,000 cusecs",Flood Forecast Division (FFD),4 days,False,,multi-stage,False
16416,Pakistan - Riverine Floods EAP (MDRPK029),Flood,trigger_statement_6,3,4,"Observed outflows of Chenab River at Punjnad above 300,000 cusecs",Flood Forecast Division (FFD),4 days,False,,multi-stage,False
16416,Pakistan - Riverine Floods EAP (MDRPK029),Flood,trigger_statement_7,0,3,"Observed outflows of Indus River at Taunsa above 550,000 cusecs and Chenab River at Panjnad above 300,000 cusecs",Flood Forecast Division (FFD),3-5 days,False,,multi-stage,False
16416,Pakistan - Riverine Floods EAP (MDRPK029),Flood,trigger_statement_7,1,3,"Forecasted very high flood inflows in Indus River at Guddu or Sukkur of 700,000 cusecs or above in next 24 hours",Flood Forecast Division (FFD),3-5 days,False,,multi-stage,False
16416,Pakistan - Riverine Floods EAP (MDRPK029),Flood,trigger_statement_7,2,3,"Observed high flood flows in Indus River at Kotri of 450,000 cusecs or above for 3 consecutive days or more",Flood Forecast Division (FFD),3-5 days,False,,multi-stage,False
16440,Madagascar - Floods sEAP (MDRMG024),Flood,trigger_statement_1,0,1,"Cumulative precipitation greater than 150 mm in a week (category ""abundant"" according to DGM classification)",Directorate General of Meteorology (DGM) of Madagascar,3 to 7 days,False,,single-trigger,False
16445,Paraguay - Drought sEAP (MDRPY024),Drought,trigger_statement_1,0,1,50% or greater probability that rainfall will remain in the lower tercile (below normal levels) for the December to February quarter,Directorate of Meteorology and Hydrology (DMH),3 months,False,,single-trigger,False
16446,Ethiopia - Cholera sEAP (MDRET038),Cholera,trigger_statement_1,0,3,"Drought affecting 32,000 people in any of the 20 identified woredas as confirmed by monthly EDRMC disaster report",Ethiopian Disaster Risk Management Commission (EDRMC) for drought data; Ethiopian Public Health Institute (EPHI) for cholera case data,3 months for drought trigger; 7 days for cholera case triggers,True,Trigger 2 activation is conditional on prior activation of Trigger 1 in this scenario,dual-trigger,True
16446,Ethiopia - Cholera sEAP (MDRET038),Cholera,trigger_statement_1,1,3,One confirmed cholera case reported by EPHI in a neighboring woreda/district of the 20 identified woredas/districts within the same country or neighboring district of bordering country,Ethiopian Disaster Risk Management Commission (EDRMC) for drought data; Ethiopian Public Health Institute (EPHI) for cholera case data,3 months for drought trigger; 7 days for cholera case triggers,True,Trigger 2 activation is conditional on prior activation of Trigger 1 in this scenario,dual-trigger,True
16446,Ethiopia - Cholera sEAP (MDRET038),Cholera,trigger_statement_1,2,3,Five suspected cholera cases qualifying EPHI clinical case definition identified within a week in the 20 selected woredas/districts,Ethiopian Disaster Risk Management Commission (EDRMC) for drought data; Ethiopian Public Health Institute (EPHI) for cholera case data,3 months for drought trigger; 7 days for cholera case triggers,True,Trigger 2 activation is conditional on prior activation of Trigger 1 in this scenario,dual-trigger,True
16446,Ethiopia - Cholera sEAP (MDRET038),Cholera,trigger_statement_2,0,2,One confirmed cholera case reported by EPHI in a neighbouring woreda/district of the 20 identified woredas/districts within the same country or neighboring district of bordering country,Ethiopian Public Health Institute (EPHI),7 days,False,,dual-trigger,True
16446,Ethiopia - Cholera sEAP (MDRET038),Cholera,trigger_statement_2,1,2,Five suspected cholera cases qualifying EPHI clinical case definition identified within a week in the 20 selected woredas/districts,Ethiopian Public Health Institute (EPHI),7 days,False,,dual-trigger,True
16458,Bangladesh - Cold Wave EAP (MDRBD038),Cold Wave,trigger_statement_1,0,6,Minimum temperature less than or equal to 7°C,Bangladesh Meteorological Department (BMD) and ECMWF,4 days,False,,multi-stage,True
16458,Bangladesh - Cold Wave EAP (MDRBD038),Cold Wave,trigger_statement_1,1,6,Departure from normal temperature equal to or below the 2nd percentile (3 to 4°C),Bangladesh Meteorological Department (BMD) and ECMWF,4 days,False,,multi-stage,True
16458,Bangladesh - Cold Wave EAP (MDRBD038),Cold Wave,trigger_statement_1,2,6,Maximum temperature less than or equal to 5th percentile (18-20°C),Bangladesh Meteorological Department (BMD) and ECMWF,4 days,False,,multi-stage,True
16458,Bangladesh - Cold Wave EAP (MDRBD038),Cold Wave,trigger_statement_1,3,6,Wind speed exceeding 5th percentile (>5 km/hr),Bangladesh Meteorological Department (BMD) and ECMWF,4 days,False,,multi-stage,True
16458,Bangladesh - Cold Wave EAP (MDRBD038),Cold Wave,trigger_statement_1,4,6,Conditions sustained for 3 consecutive days,Bangladesh Meteorological Department (BMD) and ECMWF,4 days,False,,multi-stage,True
16458,Bangladesh - Cold Wave EAP (MDRBD038),Cold Wave,trigger_statement_1,5,6,Affecting three or more districts partially (at least 50% area of each district),Bangladesh Meteorological Department (BMD) and ECMWF,4 days,False,,multi-stage,True
16467,Somalia - Cholera sEAP (MDRSO023),Cholera,trigger_statement_1,0,6,Confirmed cholera case or spikes in AWD cases in a neighboring location to selected PAMIs,"Somali Red Crescent Society (SRCS), Ministry of Health, National Disaster and Food Reserve Authority (NADFOR), Somalia Acute Malnutrition Projection dashboard",Up to 3 months from T1 activation to likely T2 activation,False,,dual-trigger,True
16467,Somalia - Cholera sEAP (MDRSO023),Cholera,trigger_statement_1,1,6,Activation of the SRCS drought EAP (MDRSO019),"Somali Red Crescent Society (SRCS), Ministry of Health, National Disaster and Food Reserve Authority (NADFOR), Somalia Acute Malnutrition Projection dashboard",Up to 3 months from T1 activation to likely T2 activation,False,,dual-trigger,True
16467,Somalia - Cholera sEAP (MDRSO023),Cholera,trigger_statement_1,2,6,Flooding and extensive rains in selected PAMI,"Somali Red Crescent Society (SRCS), Ministry of Health, National Disaster and Food Reserve Authority (NADFOR), Somalia Acute Malnutrition Projection dashboard",Up to 3 months from T1 activation to likely T2 activation,False,,dual-trigger,True
16467,Somalia - Cholera sEAP (MDRSO023),Cholera,trigger_statement_1,3,6,Drought followed by heavy rains in selected PAMI,"Somali Red Crescent Society (SRCS), Ministry of Health, National Disaster and Food Reserve Authority (NADFOR), Somalia Acute Malnutrition Projection dashboard",Up to 3 months from T1 activation to likely T2 activation,False,,dual-trigger,True
16467,Somalia - Cholera sEAP (MDRSO023),Cholera,trigger_statement_1,4,6,Drought EAP is activated,"Somali Red Crescent Society (SRCS), Ministry of Health, National Disaster and Food Reserve Authority (NADFOR), Somalia Acute Malnutrition Projection dashboard",Up to 3 months from T1 activation to likely T2 activation,False,,dual-trigger,True
16467,Somalia - Cholera sEAP (MDRSO023),Cholera,trigger_statement_1,5,6,"Increased malnutrition rates (GAM cases >10%) coinciding with heavy rains, flooding, or droughts","Somali Red Crescent Society (SRCS), Ministry of Health, National Disaster and Food Reserve Authority (NADFOR), Somalia Acute Malnutrition Projection dashboard",Up to 3 months from T1 activation to likely T2 activation,False,,dual-trigger,True
16467,Somalia - Cholera sEAP (MDRSO023),Cholera,trigger_statement_2,0,3,Doubling of AWD/ADD CBS true signals from at least 5 to at least 10 signals within one week,"Somali Red Crescent Society (SRCS) CBS system, Ministry of Health (MoH), SRCS Emergency Operations Centre (EoC)",10 days from T2 activation to implementation of early actions,False,,dual-trigger,True
16467,Somalia - Cholera sEAP (MDRSO023),Cholera,trigger_statement_2,1,3,Confidential information from Ministry of Health indicating a rise in AWD/ADD cases,"Somali Red Crescent Society (SRCS) CBS system, Ministry of Health (MoH), SRCS Emergency Operations Centre (EoC)",10 days from T2 activation to implementation of early actions,False,,dual-trigger,True
16467,Somalia - Cholera sEAP (MDRSO023),Cholera,trigger_statement_2,2,3,Ministry of Health confirmation of AWD/Cholera cases,"Somali Red Crescent Society (SRCS) CBS system, Ministry of Health (MoH), SRCS Emergency Operations Centre (EoC)",10 days from T2 activation to implementation of early actions,False,,dual-trigger,True
16473,Albania - Heatwave sEAP (MDRAL009),Heatwave,trigger_statement_1,0,4,50% probability according to ECMWF,"ECMWF (European Centre for Medium-Range Weather Forecasts), monitored by Albanian Institute of Geoscience (IGEO)",5 days,False,,single-trigger,False
16473,Albania - Heatwave sEAP (MDRAL009),Heatwave,trigger_statement_1,1,4,At least 3 consecutive days in Tirana,"ECMWF (European Centre for Medium-Range Weather Forecasts), monitored by Albanian Institute of Geoscience (IGEO)",5 days,False,,single-trigger,False
16473,Albania - Heatwave sEAP (MDRAL009),Heatwave,trigger_statement_1,2,4,Expected maximum temperature higher than the 95th percentile of monthly historical maximum temperatures for June-September (2000-2024),"ECMWF (European Centre for Medium-Range Weather Forecasts), monitored by Albanian Institute of Geoscience (IGEO)",5 days,False,,single-trigger,False
16473,Albania - Heatwave sEAP (MDRAL009),Heatwave,trigger_statement_1,3,4,Expected minimum temperature higher than the 95th percentile of monthly historical minimum temperatures for June-September (2000-2024),"ECMWF (European Centre for Medium-Range Weather Forecasts), monitored by Albanian Institute of Geoscience (IGEO)",5 days,False,,single-trigger,False
16479,Lebanon - Cold Wave sEAP (MDRLB019),Cold Wave,trigger_statement_1,0,2,Median ensemble member of ECMWF forecasts daily maximum temperature at Zahle below 2°C with a lead time of 7 days,ECMWF (European Centre for Medium-Range Weather Forecasts),"7 days for activation, 5 days for stop mechanism",False,,single-trigger,True
16479,Lebanon - Cold Wave sEAP (MDRLB019),Cold Wave,trigger_statement_1,1,2,Median ensemble member of ECMWF forecasts daily maximum temperature at Zahle below 2°C with a lead time of 5 days (stop mechanism),ECMWF (European Centre for Medium-Range Weather Forecasts),"7 days for activation, 5 days for stop mechanism",False,,single-trigger,True
16482,Sri Lanka - Dengue sEAP (MDRLK022),Dengue,trigger_statement_1,0,3,Meteorological Department forecasts average rainfall exceeding 100mm in the Western Province,"National Dengue Control Unit (NDCU), Meteorological Department, Ministry of Health (MoH)",2 to 4 weeks (for rainfall readiness trigger),True,Early action triggers depend on the readiness trigger indicating favorable meteorological conditions; readiness trigger precedes early action triggers,dual-trigger,False
16482,Sri Lanka - Dengue sEAP (MDRLK022),Dengue,trigger_statement_1,1,3,"Weekly dengue caseload exceeding 1,500 cases in May, June, July, December, and January","National Dengue Control Unit (NDCU), Meteorological Department, Ministry of Health (MoH)",2 to 4 weeks (for rainfall readiness trigger),True,Early action triggers depend on the readiness trigger indicating favorable meteorological conditions; readiness trigger precedes early action triggers,dual-trigger,False
16482,Sri Lanka - Dengue sEAP (MDRLK022),Dengue,trigger_statement_1,2,3,Weekly dengue caseload in target districts exceeds 1.5 times their average caseload,"National Dengue Control Unit (NDCU), Meteorological Department, Ministry of Health (MoH)",2 to 4 weeks (for rainfall readiness trigger),True,Early action triggers depend on the readiness trigger indicating favorable meteorological conditions; readiness trigger precedes early action triggers,dual-trigger,False
16486,Fiji - Tropical Cyclone  sEAP (MDRFJ008),Storm,trigger_statement_1,0,2,Category 4 or 5 cyclone within 250 km of Fiji,"Regional Specialized Meteorological Centre (RSMC) in Nadi, operated by Fiji Meteorological Services (FMS)",Two stages: readiness trigger at 120 hours (5 days) lead time based on unofficial forecast; activation trigger at 72 hours (3 days) lead time based on official forecast,True,The activation trigger (72 hours lead time) is conditional on the readiness trigger (120 hours lead time) being met first,dual-trigger,False
16486,Fiji - Tropical Cyclone  sEAP (MDRFJ008),Storm,trigger_statement_1,1,2,"Category 3, 4, or 5 cyclone making landfall in Fiji","Regional Specialized Meteorological Centre (RSMC) in Nadi, operated by Fiji Meteorological Services (FMS)",Two stages: readiness trigger at 120 hours (5 days) lead time based on unofficial forecast; activation trigger at 72 hours (3 days) lead time based on official forecast,True,The activation trigger (72 hours lead time) is conditional on the readiness trigger (120 hours lead time) being met first,dual-trigger,False
16494,Tanzania - Flood EAP (MDRTZ041),Flood,trigger_statement_1,0,2,"A severe rainfall warning (orange) or major warning (red) is issued in over 10 administrative regions across more than three river basins, lasting at least two consecutive days",Tanzania Meteorological Authority (TMA),1 to 5 days,False,,single-trigger,True
16494,Tanzania - Flood EAP (MDRTZ041),Flood,trigger_statement_1,1,2,At least one advisory-level warning (yellow) is present on any of the remaining days within the five-day forecast,Tanzania Meteorological Authority (TMA),1 to 5 days,False,,single-trigger,True
16513,Côte d'Ivore - Floods sEAP (MDRCI017),Flood,trigger_statement_1,0,5,Cumulative monthly rainfall above the 1991-2020 reference average in the Agneby basin (Agboville),"Fanfar forecast system, National Meteorological Directorate, Directorate of Hydrology, ECMWF (European Centre for Medium-Range Weather Forecasts)",5 days,True,"Trigger requires cumulative rainfall above historical average AND Fanfar forecast orange alert AND beacon water level at specified thresholds; for N'Zi basin, additionally requires EFI index forecast of heavy rainfall",dual-trigger,True
16513,Côte d'Ivore - Floods sEAP (MDRCI017),Flood,trigger_statement_1,1,5,Fanfar forecast on orange alert,"Fanfar forecast system, National Meteorological Directorate, Directorate of Hydrology, ECMWF (European Centre for Medium-Range Weather Forecasts)",5 days,True,"Trigger requires cumulative rainfall above historical average AND Fanfar forecast orange alert AND beacon water level at specified thresholds; for N'Zi basin, additionally requires EFI index forecast of heavy rainfall",dual-trigger,True
16513,Côte d'Ivore - Floods sEAP (MDRCI017),Flood,trigger_statement_1,2,5,Beacon water level in orange alert at 695 cm (significant threshold),"Fanfar forecast system, National Meteorological Directorate, Directorate of Hydrology, ECMWF (European Centre for Medium-Range Weather Forecasts)",5 days,True,"Trigger requires cumulative rainfall above historical average AND Fanfar forecast orange alert AND beacon water level at specified thresholds; for N'Zi basin, additionally requires EFI index forecast of heavy rainfall",dual-trigger,True
16513,Côte d'Ivore - Floods sEAP (MDRCI017),Flood,trigger_statement_1,3,5,Beacon water level in orange alert at 665 cm (significant threshold),"Fanfar forecast system, National Meteorological Directorate, Directorate of Hydrology, ECMWF (European Centre for Medium-Range Weather Forecasts)",5 days,True,"Trigger requires cumulative rainfall above historical average AND Fanfar forecast orange alert AND beacon water level at specified thresholds; for N'Zi basin, additionally requires EFI index forecast of heavy rainfall",dual-trigger,True
16513,Côte d'Ivore - Floods sEAP (MDRCI017),Flood,trigger_statement_1,4,5,ECMWF Extreme Forecast Index (EFI) greater than or equal to 0.8 forecasting rainfall ≥ 92 mm in next 5 days,"Fanfar forecast system, National Meteorological Directorate, Directorate of Hydrology, ECMWF (European Centre for Medium-Range Weather Forecasts)",5 days,True,"Trigger requires cumulative rainfall above historical average AND Fanfar forecast orange alert AND beacon water level at specified thresholds; for N'Zi basin, additionally requires EFI index forecast of heavy rainfall",dual-trigger,True
16527,Colombia - Forced Displacement sEAP (MDRCO031),Population Movement,trigger_statement_1,0,4,"Chocó: 1,290 displaced persons","Transitional Justice Committee, OCHA, Ombudsman's Office",3 to 5 calendar days after activation,False,,single-trigger,False
16527,Colombia - Forced Displacement sEAP (MDRCO031),Population Movement,trigger_statement_1,1,4,"Cauca: 1,696 displaced persons","Transitional Justice Committee, OCHA, Ombudsman's Office",3 to 5 calendar days after activation,False,,single-trigger,False
16527,Colombia - Forced Displacement sEAP (MDRCO031),Population Movement,trigger_statement_1,2,4,"Nariño: 3,040 displaced persons","Transitional Justice Committee, OCHA, Ombudsman's Office",3 to 5 calendar days after activation,False,,single-trigger,False
16527,Colombia - Forced Displacement sEAP (MDRCO031),Population Movement,trigger_statement_1,3,4,"Valle del Cauca: 2,078 displaced persons","Transitional Justice Committee, OCHA, Ombudsman's Office",3 to 5 calendar days after activation,False,,single-trigger,False
16531,Zambia - Drought EAP2024ZM02 (MDRZM025),Drought,trigger_statement_1,0,1,Nino3.4 index equal or greater than 0.5K in NDJ average forecast issued in July,European Centre for Medium-Range Weather Forecasts (ECMWF),3 months (forecast issued in July for NDJ period),False,,multi-stage,True
16531,Zambia - Drought EAP2024ZM02 (MDRZM025),Drought,trigger_statement_2,0,3,Below average precipitation forecast,European Centre for Medium-Range Weather Forecasts (ECMWF) SEAS5 seasonal forecast,3 months (forecast issued in October for upcoming rainy season),False,No dependency on Trigger 0; can activate independently.,multi-stage,True
16531,Zambia - Drought EAP2024ZM02 (MDRZM025),Drought,trigger_statement_2,1,3,At least 45% probability of below average precipitation tercile,European Centre for Medium-Range Weather Forecasts (ECMWF) SEAS5 seasonal forecast,3 months (forecast issued in October for upcoming rainy season),False,No dependency on Trigger 0; can activate independently.,multi-stage,True
16531,Zambia - Drought EAP2024ZM02 (MDRZM025),Drought,trigger_statement_2,2,3,Forecast issued in October,European Centre for Medium-Range Weather Forecasts (ECMWF) SEAS5 seasonal forecast,3 months (forecast issued in October for upcoming rainy season),False,No dependency on Trigger 0; can activate independently.,multi-stage,True
16531,Zambia - Drought EAP2024ZM02 (MDRZM025),Drought,trigger_statement_3,0,2,Ministry of Agriculture Crop Forecast Survey Index (CFSI) projects 40% or greater crop losses,Ministry of Agriculture Crop Forecast Survey Index (CFSI) and Zambia Meteorological Department (ZMD),0-1 month (March-April projections and rainfall monitoring during DJFM),False,"Can activate independently of Trigger 0 and Trigger 1; if only Trigger 2 is met, only second set of early actions are implemented.",multi-stage,True
16531,Zambia - Drought EAP2024ZM02 (MDRZM025),Drought,trigger_statement_3,1,2,More than 21 consecutive days of no rain greater than 1mm during December to March (DJFM),Ministry of Agriculture Crop Forecast Survey Index (CFSI) and Zambia Meteorological Department (ZMD),0-1 month (March-April projections and rainfall monitoring during DJFM),False,"Can activate independently of Trigger 0 and Trigger 1; if only Trigger 2 is met, only second set of early actions are implemented.",multi-stage,True
16542,Mali - Flood EAP (MDRML021),Flood,trigger_statement_1,0,3,Flood forecast corresponding to a 5-year return period,National Directorate of Hydraulics (DNH) and Mali Météo,4 to 8 days,False,,single-trigger,True
16542,Mali - Flood EAP (MDRML021),Flood,trigger_statement_1,1,3,Water levels exceeding the 5-year return period threshold at key monitoring stations,National Directorate of Hydraulics (DNH) and Mali Météo,4 to 8 days,False,,single-trigger,True
16542,Mali - Flood EAP (MDRML021),Flood,trigger_statement_1,2,3,Flood activation thresholds ranging from 370 cm in Bamako to 859 cm in Kayes,National Directorate of Hydraulics (DNH) and Mali Météo,4 to 8 days,False,,single-trigger,True
16562,Cameroon - Cholera EAP (MDRCM040),Cholera,trigger_statement_1,0,2,"Flooding affecting more than 2,000 people","National Meteorological Directorate, Community-Based Early Warning System (SCAP), CRC volunteers and local authorities",2 months,False,,dual-trigger,True
16562,Cameroon - Cholera EAP (MDRCM040),Cholera,trigger_statement_1,1,2,Heavy rainfall of at least 50 mm per day for four consecutive days,"National Meteorological Directorate, Community-Based Early Warning System (SCAP), CRC volunteers and local authorities",2 months,False,,dual-trigger,True
16562,Cameroon - Cholera EAP (MDRCM040),Cholera,trigger_statement_2,0,3,At least five community alert cases of Acute Watery Diarrhea (AWD) within the same district in a single week,"Ministry of Health surveillance reports, situation reports (SitRep), CRC community-based surveillance",5 days,True,Trigger 2 activation is conditional on Trigger 1 having been activated in the same district within the last three months,dual-trigger,True
16562,Cameroon - Cholera EAP (MDRCM040),Cholera,trigger_statement_2,1,3,"At least five suspected cholera cases in the same district in a single week, reported by the Ministry of Health","Ministry of Health surveillance reports, situation reports (SitRep), CRC community-based surveillance",5 days,True,Trigger 2 activation is conditional on Trigger 1 having been activated in the same district within the last three months,dual-trigger,True
16562,Cameroon - Cholera EAP (MDRCM040),Cholera,trigger_statement_2,2,3,"At least one confirmed cholera case in a neighboring district or cross-border area, validated by the Ministry of Health","Ministry of Health surveillance reports, situation reports (SitRep), CRC community-based surveillance",5 days,True,Trigger 2 activation is conditional on Trigger 1 having been activated in the same district within the last three months,dual-trigger,True
16566,Timor Leste - Flood sEAP (MDRTL001),Flood,trigger_statement_1,0,4,Orange warning (special attention) indicating rainfall intensity of 10-20 mm/hr or 50-100 mm/day,National Directorate for Meteorology and Geophysics (DNMG),5 days,False,,dual-trigger,False
16566,Timor Leste - Flood sEAP (MDRTL001),Flood,trigger_statement_1,1,4,Orange warning in more than three target municipalities,National Directorate for Meteorology and Geophysics (DNMG),5 days,False,,dual-trigger,False
16566,Timor Leste - Flood sEAP (MDRTL001),Flood,trigger_statement_1,2,4,Orange warning sustained for three consecutive days or more within a 5-day forecast period,National Directorate for Meteorology and Geophysics (DNMG),5 days,False,,dual-trigger,False
16566,Timor Leste - Flood sEAP (MDRTL001),Flood,trigger_statement_1,3,4,Expected cumulative rainfall total of 150 mm or more during the forecasted period,National Directorate for Meteorology and Geophysics (DNMG),5 days,False,,dual-trigger,False
16566,Timor Leste - Flood sEAP (MDRTL001),Flood,trigger_statement_2,0,5,Red warning (alert) indicating rainfall intensity of more than 20 mm/hr or daily total of more than 100 mm,National Directorate for Meteorology and Geophysics (DNMG),3 days for activation of early actions; 24 hours for evacuation early action,True,Trigger 2 activation depends on forecasted red warning after Trigger 1 preparedness phase,dual-trigger,False
16566,Timor Leste - Flood sEAP (MDRTL001),Flood,trigger_statement_2,1,5,Red warning issued in any target municipality,National Directorate for Meteorology and Geophysics (DNMG),3 days for activation of early actions; 24 hours for evacuation early action,True,Trigger 2 activation depends on forecasted red warning after Trigger 1 preparedness phase,dual-trigger,False
16566,Timor Leste - Flood sEAP (MDRTL001),Flood,trigger_statement_2,2,5,Red warning sustained for two consecutive days within a 3-day forecast period,National Directorate for Meteorology and Geophysics (DNMG),3 days for activation of early actions; 24 hours for evacuation early action,True,Trigger 2 activation depends on forecasted red warning after Trigger 1 preparedness phase,dual-trigger,False
16566,Timor Leste - Flood sEAP (MDRTL001),Flood,trigger_statement_2,3,5,Expected cumulative rainfall total of more than 200 mm in next 72 hours,National Directorate for Meteorology and Geophysics (DNMG),3 days for activation of early actions; 24 hours for evacuation early action,True,Trigger 2 activation depends on forecasted red warning after Trigger 1 preparedness phase,dual-trigger,False
16566,Timor Leste - Flood sEAP (MDRTL001),Flood,trigger_statement_2,4,5,Evacuation early action triggered only at 24-hour lead time,National Directorate for Meteorology and Geophysics (DNMG),3 days for activation of early actions; 24 hours for evacuation early action,True,Trigger 2 activation depends on forecasted red warning after Trigger 1 preparedness phase,dual-trigger,False
16567,Indonesia - Flood EAP (MDRID027),Flood,trigger_statement_1,0,3,Total daily rainfall exceeding 50 mm (initial threshold for flood risk),"BMKG (Indonesian Meteorology, Climatology, and Geophysics Agency), BNPB (National Disaster Management Agency)","Up to 3 days ahead (BMKG forecast), up to 2 days ahead (BNPB Dashboard)",False,,multi-stage,False
16567,Indonesia - Flood EAP (MDRID027),Flood,trigger_statement_1,1,3,Rainfall exceeding 100 mm in 24 hours with 80% probability (BMKG forecast),"BMKG (Indonesian Meteorology, Climatology, and Geophysics Agency), BNPB (National Disaster Management Agency)","Up to 3 days ahead (BMKG forecast), up to 2 days ahead (BNPB Dashboard)",False,,multi-stage,False
16567,Indonesia - Flood EAP (MDRID027),Flood,trigger_statement_1,2,3,Rainfall exceeding 80 mm/day (BNPB Prevention Dashboard),"BMKG (Indonesian Meteorology, Climatology, and Geophysics Agency), BNPB (National Disaster Management Agency)","Up to 3 days ahead (BMKG forecast), up to 2 days ahead (BNPB Dashboard)",False,,multi-stage,False
16567,Indonesia - Flood EAP (MDRID027),Flood,trigger_statement_2,0,2,Rainfall intensity exceeding 50 mm in 6 hours with over 60% probability during the 6 days prior to peak,"BMKG (Indonesian Meteorology, Climatology, and Geophysics Agency), SIHKA PUPR (Public Works and Housing Ministry), BNPB Prevention Dashboard","6 days prior to peak (pre-activation), hourly updates for water levels",True,Pre-activation stage precedes full activation based on higher rainfall thresholds,multi-stage,False
16567,Indonesia - Flood EAP (MDRID027),Flood,trigger_statement_2,1,2,"River water level monitoring categorized as Alert (Waspada), Standby (Siaga), or Warning (Awas)","BMKG (Indonesian Meteorology, Climatology, and Geophysics Agency), SIHKA PUPR (Public Works and Housing Ministry), BNPB Prevention Dashboard","6 days prior to peak (pre-activation), hourly updates for water levels",True,Pre-activation stage precedes full activation based on higher rainfall thresholds,multi-stage,False
16568,El Salvador -Extreme Rainfall sEAP (MDRSV018),Extreme Rainfall,trigger_statement_1,0,1,Greater than 60% chance of a tropical storm or hurricane entering the DGOA emergency stage watch area within the next 7 days,U.S. National Hurricane Center (NHC),7 days,False,,dual-trigger,False
16568,El Salvador -Extreme Rainfall sEAP (MDRSV018),Extreme Rainfall,trigger_statement_2,0,2,Accumulated rainfall forecast exceeding 200 mm over a 3-day period,General Directorate of the Hazards and Natural Resources Observatory (DGOA),3 days,True,Trigger 2 activation is conditional on Trigger 1 being fulfilled first,dual-trigger,False
16568,El Salvador -Extreme Rainfall sEAP (MDRSV018),Extreme Rainfall,trigger_statement_2,1,2,Forecast period: May through November,General Directorate of the Hazards and Natural Resources Observatory (DGOA),3 days,True,Trigger 2 activation is conditional on Trigger 1 being fulfilled first,dual-trigger,False
16569,Chile - Wildfire sEAP (MDRCL018),Wildfire,trigger_statement_1,0,3,Ignition probability equal to or greater than 70%,"CONAF (National Forestry Corporation), Red Button forecast system",8 days in advance,False,,single-trigger,True
16569,Chile - Wildfire sEAP (MDRCL018),Wildfire,trigger_statement_1,1,3,Wind speed equal to or greater than 20 Km/h,"CONAF (National Forestry Corporation), Red Button forecast system",8 days in advance,False,,single-trigger,True
16569,Chile - Wildfire sEAP (MDRCL018),Wildfire,trigger_statement_1,2,3,Relative humidity less than 30% in the threatened territory,"CONAF (National Forestry Corporation), Red Button forecast system",8 days in advance,False,,single-trigger,True
16618,Myanmar - Heatwave sEAP (MDRMM022),Heatwave,trigger_statement_1,0,5,Heat Index (HI) ≥ 62.6 for Yangon (Kaba Aye) for at least 3 consecutive days,Department of Meteorology & Hydrology (DMH) Myanmar; Numerical Weather Prediction (NWP) model; Indian Meteorology Department (IMD) for pre-activation,Up to 5 days lead time including 3 days heatwave duration; pre-activation trigger 10 days before heatwave onset,True,The cash distribution is conditional on the forecasted and observed HI thresholds being met for consecutive 3 days; pre-activation trigger from IMD 10 days prior initiates preparatory actions before main trigger confirmation.,multi-stage,True
16618,Myanmar - Heatwave sEAP (MDRMM022),Heatwave,trigger_statement_1,1,5,Heat Index (HI) ≥ 58.2 for Mandalay for at least 3 consecutive days,Department of Meteorology & Hydrology (DMH) Myanmar; Numerical Weather Prediction (NWP) model; Indian Meteorology Department (IMD) for pre-activation,Up to 5 days lead time including 3 days heatwave duration; pre-activation trigger 10 days before heatwave onset,True,The cash distribution is conditional on the forecasted and observed HI thresholds being met for consecutive 3 days; pre-activation trigger from IMD 10 days prior initiates preparatory actions before main trigger confirmation.,multi-stage,True
16618,Myanmar - Heatwave sEAP (MDRMM022),Heatwave,trigger_statement_1,2,5,Heat Index corresponds to more than 90th percentile values for summer months (March-May),Department of Meteorology & Hydrology (DMH) Myanmar; Numerical Weather Prediction (NWP) model; Indian Meteorology Department (IMD) for pre-activation,Up to 5 days lead time including 3 days heatwave duration; pre-activation trigger 10 days before heatwave onset,True,The cash distribution is conditional on the forecasted and observed HI thresholds being met for consecutive 3 days; pre-activation trigger from IMD 10 days prior initiates preparatory actions before main trigger confirmation.,multi-stage,True
16618,Myanmar - Heatwave sEAP (MDRMM022),Heatwave,trigger_statement_1,3,5,Forecast lead time maximum 5 days including 3 days heatwave duration,Department of Meteorology & Hydrology (DMH) Myanmar; Numerical Weather Prediction (NWP) model; Indian Meteorology Department (IMD) for pre-activation,Up to 5 days lead time including 3 days heatwave duration; pre-activation trigger 10 days before heatwave onset,True,The cash distribution is conditional on the forecasted and observed HI thresholds being met for consecutive 3 days; pre-activation trigger from IMD 10 days prior initiates preparatory actions before main trigger confirmation.,multi-stage,True
16618,Myanmar - Heatwave sEAP (MDRMM022),Heatwave,trigger_statement_1,4,5,Observed HI and forecasted HI for next two days must surpass thresholds for cash distribution continuation,Department of Meteorology & Hydrology (DMH) Myanmar; Numerical Weather Prediction (NWP) model; Indian Meteorology Department (IMD) for pre-activation,Up to 5 days lead time including 3 days heatwave duration; pre-activation trigger 10 days before heatwave onset,True,The cash distribution is conditional on the forecasted and observed HI thresholds being met for consecutive 3 days; pre-activation trigger from IMD 10 days prior initiates preparatory actions before main trigger confirmation.,multi-stage,True
16633,Burkina Faso - Heatwave sEAP (MDRBF020),Heatwave,trigger_statement_1,0,2,Maximum temperature of 42.4°C or higher,National Meteorological Agency (ANAM),4 days,False,,single-trigger,False
16633,Burkina Faso - Heatwave sEAP (MDRBF020),Heatwave,trigger_statement_1,1,2,Duration of at least 3 consecutive days,National Meteorological Agency (ANAM),4 days,False,,single-trigger,False
16646,Colombia - Drought sEAP (MDRCO027),Drought,trigger_statement_1,0,2,50% probability that rainfall will be below normal for the next three months,"Institute of Hydrology, Meteorology and Environmental Studies (IDEAM)",3 months ahead,False,,single-trigger,False
16646,Colombia - Drought sEAP (MDRCO027),Drought,trigger_statement_1,1,2,Standardized Precipitation Index (SPI) forecast indicates moderate drought with values equal or below -1.4 for the same three months,"Institute of Hydrology, Meteorology and Environmental Studies (IDEAM)",3 months ahead,False,,single-trigger,False
16651,El Salvador - Drought EAP (MDRSV017),Drought,trigger_statement_1,0,4,El Niño event forecast in region 3.4,"General Directorate of Threat Observatory and Natural Resources (DGOA), official IRI-CPC forecast",3 to 4 months,False,,dual-trigger,False
16651,El Salvador - Drought EAP (MDRSV017),Drought,trigger_statement_1,1,4,60% probability,"General Directorate of Threat Observatory and Natural Resources (DGOA), official IRI-CPC forecast",3 to 4 months,False,,dual-trigger,False
16651,El Salvador - Drought EAP (MDRSV017),Drought,trigger_statement_1,2,4,Forecast horizon of 3 to 4 months,"General Directorate of Threat Observatory and Natural Resources (DGOA), official IRI-CPC forecast",3 to 4 months,False,,dual-trigger,False
16651,El Salvador - Drought EAP (MDRSV017),Drought,trigger_statement_1,3,4,Based on official IRI-CPC forecast until April of the current year or earlier in the previous year,"General Directorate of Threat Observatory and Natural Resources (DGOA), official IRI-CPC forecast",3 to 4 months,False,,dual-trigger,False
16651,El Salvador - Drought EAP (MDRSV017),Drought,trigger_statement_2,0,3,Quarterly precipitation forecast,General Directorate of Threat Observatory and Natural Resources (DGOA),3 months,False,,dual-trigger,False
16651,El Salvador - Drought EAP (MDRSV017),Drought,trigger_statement_2,1,3,"Accumulated rainfall during May, June, and July below normal",General Directorate of Threat Observatory and Natural Resources (DGOA),3 months,False,,dual-trigger,False
16651,El Salvador - Drought EAP (MDRSV017),Drought,trigger_statement_2,2,3,Below 33rd percentile,General Directorate of Threat Observatory and Natural Resources (DGOA),3 months,False,,dual-trigger,False
16682,Lesotho - Cold Wave EAP (MDRLS010),Cold Wave,trigger_statement_1,0,3,Maximum day temperature forecast of 2°C or less,Lesotho Meteorological Services (LMS),4 days,False,,single-trigger,False
16682,Lesotho - Cold Wave EAP (MDRLS010),Cold Wave,trigger_statement_1,1,3,For at least two consecutive days,Lesotho Meteorological Services (LMS),4 days,False,,single-trigger,False
16682,Lesotho - Cold Wave EAP (MDRLS010),Cold Wave,trigger_statement_1,2,3,Maximum lead time of four days before onset,Lesotho Meteorological Services (LMS),4 days,False,,single-trigger,False
16700,Philippines - Typhoon EAP (MDRPH055),Storm,trigger_statement_1,0,1,At least three municipalities in a province will have 10% of their houses damaged,Netherlands Red Cross 510 model using ECMWF data,72 hours (3 days) before anticipated landfall,False,,multi-stage,False
16700,Philippines - Typhoon EAP (MDRPH055),Storm,trigger_statement_2,0,4,"50% likelihood of complete damage to over 200,000 houses nationwide",Netherlands Red Cross 510 model using ECMWF forecast ensemble data,72 hours (3 days) before anticipated landfall,False,,multi-stage,False
16700,Philippines - Typhoon EAP (MDRPH055),Storm,trigger_statement_2,1,4,"60% likelihood of complete damage to more than 160,000 houses",Netherlands Red Cross 510 model using ECMWF forecast ensemble data,72 hours (3 days) before anticipated landfall,False,,multi-stage,False
16700,Philippines - Typhoon EAP (MDRPH055),Storm,trigger_statement_2,2,4,"70% likelihood of complete damage to more than 90,000 houses",Netherlands Red Cross 510 model using ECMWF forecast ensemble data,72 hours (3 days) before anticipated landfall,False,,multi-stage,False
16700,Philippines - Typhoon EAP (MDRPH055),Storm,trigger_statement_2,3,4,"80% likelihood of complete damage to more than 50,000 houses",Netherlands Red Cross 510 model using ECMWF forecast ensemble data,72 hours (3 days) before anticipated landfall,False,,multi-stage,False
16700,Philippines - Typhoon EAP (MDRPH055),Storm,trigger_statement_3,0,3,Predicted wind speed of 185 km/h in Central or Northern Luzon (Region 1),"Philippine Atmospheric, Geophysical and Astronomical Services Administration (PAGASA)",72 hours (3 days) before expected landfall,False,,multi-stage,False
16700,Philippines - Typhoon EAP (MDRPH055),Storm,trigger_statement_3,1,3,"Predicted wind speed of 185 km/h in Eastern Visayas, Bicol or Calabarzon (Region 2)","Philippine Atmospheric, Geophysical and Astronomical Services Administration (PAGASA)",72 hours (3 days) before expected landfall,False,,multi-stage,False
16700,Philippines - Typhoon EAP (MDRPH055),Storm,trigger_statement_3,2,3,Predicted wind speed of 118 km/h in Caraga or Davao regions (Region 3),"Philippine Atmospheric, Geophysical and Astronomical Services Administration (PAGASA)",72 hours (3 days) before expected landfall,False,,multi-stage,False
16754,Chad - Floods EAP (MDRTD023),Flood,trigger_statement_1,0,1,Above-normal seasonal rainfall forecast,National Meteorological Agency of Chad (ANAM),Two months ahead (information available in May),False,,dual-trigger,False
16754,Chad - Floods EAP (MDRTD023),Flood,trigger_statement_2,0,2,Weekly Extreme Forecast Index (EFI) from ECMWF model greater than 0.8,European Centre for Medium-Range Weather Forecasts (ECMWF) and National Meteorological Agency of Chad (ANAM),7 days,False,,dual-trigger,False
16754,Chad - Floods EAP (MDRTD023),Flood,trigger_statement_2,1,2,Extreme rain forecast from National Meteorological Agency of Chad (ANAM),European Centre for Medium-Range Weather Forecasts (ECMWF) and National Meteorological Agency of Chad (ANAM),7 days,False,,dual-trigger,False
16764,Somalia - Drought EAP (MDRSO019),Drought,trigger_statement_1,0,2,SPI-12 forecast less than -1 for a district,"ICPAC (SPI-12 forecast), FEWSNET (Food Insecurity projection)",90 days (about 3 months),True,Both conditions (SPI-12 < -1 and FEWSNET projection ≥ 0.7) must be met simultaneously in the same district to trigger anticipatory actions.,dual-trigger,True
16764,Somalia - Drought EAP (MDRSO019),Drought,trigger_statement_1,1,2,FEWSNET food insecurity projection at least 0.7 in derived population-weighted index in the same district,"ICPAC (SPI-12 forecast), FEWSNET (Food Insecurity projection)",90 days (about 3 months),True,Both conditions (SPI-12 < -1 and FEWSNET projection ≥ 0.7) must be met simultaneously in the same district to trigger anticipatory actions.,dual-trigger,True
16767,Kyrgyzstan - Cold Wave EAP (MDRKG020),Cold Wave,trigger_statement_1,0,2,Forecast of cold wave with a lead time of 4 days,Kyrgyzhydromet (Hydrometeorological Service under the Ministry of Emergency Situations of the Kyrgyz Republic),4 days with confirmation at 72 hours before the event,False,,single-trigger,True
16767,Kyrgyzstan - Cold Wave EAP (MDRKG020),Cold Wave,trigger_statement_1,1,2,72-hour forecast confirmation with at least 75% probability of cold wave occurrence,Kyrgyzhydromet (Hydrometeorological Service under the Ministry of Emergency Situations of the Kyrgyz Republic),4 days with confirmation at 72 hours before the event,False,,single-trigger,True
16796,Yemen - Floods EAP (MDRYE015),Flood,trigger_statement_1,0,2,24-hour rainfall totals of 20mm or above forecasted 7 days ahead across western Yemen including Hajjah Governorate,ECMWF,7 days for readiness trigger; 3 days (72 hours) for activation trigger,True,Activation trigger is conditional on the readiness trigger being met first,dual-trigger,False
16796,Yemen - Floods EAP (MDRYE015),Flood,trigger_statement_1,1,2,24-hour rainfall totals of 20mm or above forecasted within 3 days (72 hours) over northwestern Yemen including Hajjah Governorate,ECMWF,7 days for readiness trigger; 3 days (72 hours) for activation trigger,True,Activation trigger is conditional on the readiness trigger being met first,dual-trigger,False
16797,Yemen - Floods EAP (MDRYE015),Flood,trigger_statement_1,0,2,24-hour rainfall totals of 20mm or above forecasted 7 days ahead across western Yemen including Hajjah Governorate,ECMWF,7 days for readiness trigger; 3 days (72 hours) for activation trigger,True,Activation trigger is conditional on readiness trigger being met first,dual-trigger,False
16797,Yemen - Floods EAP (MDRYE015),Flood,trigger_statement_1,1,2,24-hour rainfall totals of 20mm or above forecasted within 3 days (72 hours) over northwestern Yemen including Hajjah Governorate,ECMWF,7 days for readiness trigger; 3 days (72 hours) for activation trigger,True,Activation trigger is conditional on readiness trigger being met first,dual-trigger,False
16827,Burundi - Floods -sEAP (MDRBI021),Flood,trigger_statement_1,0,3,ICPAC forecasts indicate that the 99th percentile of daily precipitation totals will be exceeded with a probability of 60% or more seven days before impact,"ICPAC (IGAD Climate Prediction and Application Centre), IGEBU (Burundi Geographic Institute)",7 days for ICPAC forecast in threshold 1; 3 days for combined ICPAC and IGEBU forecast in threshold 2,False,,dual-trigger,False
16827,Burundi - Floods -sEAP (MDRBI021),Flood,trigger_statement_1,1,3,IGEBU forecasts indicate that the historical threshold of 25 mm in 24 hours will be exceeded,"ICPAC (IGAD Climate Prediction and Application Centre), IGEBU (Burundi Geographic Institute)",7 days for ICPAC forecast in threshold 1; 3 days for combined ICPAC and IGEBU forecast in threshold 2,False,,dual-trigger,False
16827,Burundi - Floods -sEAP (MDRBI021),Flood,trigger_statement_1,2,3,ICPAC forecasts indicate that the 99th percentile of daily precipitation totals will be exceeded with a probability of 60% or more within the next three days,"ICPAC (IGAD Climate Prediction and Application Centre), IGEBU (Burundi Geographic Institute)",7 days for ICPAC forecast in threshold 1; 3 days for combined ICPAC and IGEBU forecast in threshold 2,False,,dual-trigger,False
16845,Nepal - Floods EAP (MDRNP017),Flood,trigger_statement_1,0,5,"GLOFAS predicts more than 2-year return period flow in next 3 to 5 days with a probability of 50% or more at Chisapani, Chepang and Kusum stations","Department of Hydrology and Meteorology (DHM) Nepal, Global Flood Awareness System (GLOFAS), ICIMOD, RIMES",3 to 5 days for readiness trigger; 48 hours for activation trigger,True,Activation trigger depends on confirmation of readiness trigger and manual monitoring by NRCS with DHM and Climate Centre support,multi-stage,True
16845,Nepal - Floods EAP (MDRNP017),Flood,trigger_statement_1,1,5,"Numerical weather prediction (NWP) or special weather advisories predict extreme and widespread rainfall for next three days across Babai and West Rapti basin areas and districts, provided rivers are flowing at stage level less than 2m below existing danger level","Department of Hydrology and Meteorology (DHM) Nepal, Global Flood Awareness System (GLOFAS), ICIMOD, RIMES",3 to 5 days for readiness trigger; 48 hours for activation trigger,True,Activation trigger depends on confirmation of readiness trigger and manual monitoring by NRCS with DHM and Climate Centre support,multi-stage,True
16845,Nepal - Floods EAP (MDRNP017),Flood,trigger_statement_1,2,5,Activation trigger for Karnali: predicted water level at Chisapani station to rise 1 metre above existing danger level (10.8m) within next 48 hours,"Department of Hydrology and Meteorology (DHM) Nepal, Global Flood Awareness System (GLOFAS), ICIMOD, RIMES",3 to 5 days for readiness trigger; 48 hours for activation trigger,True,Activation trigger depends on confirmation of readiness trigger and manual monitoring by NRCS with DHM and Climate Centre support,multi-stage,True
16845,Nepal - Floods EAP (MDRNP017),Flood,trigger_statement_1,3,5,Activation trigger for West Rapti: predicted water level at Kusum station to reach existing danger level (7.8m) within next 48 hours,"Department of Hydrology and Meteorology (DHM) Nepal, Global Flood Awareness System (GLOFAS), ICIMOD, RIMES",3 to 5 days for readiness trigger; 48 hours for activation trigger,True,Activation trigger depends on confirmation of readiness trigger and manual monitoring by NRCS with DHM and Climate Centre support,multi-stage,True
16845,Nepal - Floods EAP (MDRNP017),Flood,trigger_statement_1,4,5,Activation trigger for Babai: predicted water level at Chepang station to reach existing danger level (6.8m) within next 48 hours,"Department of Hydrology and Meteorology (DHM) Nepal, Global Flood Awareness System (GLOFAS), ICIMOD, RIMES",3 to 5 days for readiness trigger; 48 hours for activation trigger,True,Activation trigger depends on confirmation of readiness trigger and manual monitoring by NRCS with DHM and Climate Centre support,multi-stage,True
16845,Nepal - Floods EAP (MDRNP017),Flood,trigger_statement_2,0,2,Predicted water levels of Babai and West Rapti rivers to rise to their existing danger levels at Chepang and Kusum stations respectively within next 48 hours,"Department of Hydrology and Meteorology (DHM) Nepal, ICIMOD",48 hours,True,Evacuation actions conditional on river levels surpassing danger level and rising trend after activation trigger,multi-stage,True
16845,Nepal - Floods EAP (MDRNP017),Flood,trigger_statement_2,1,2,Evacuation only implemented once rivers surpass danger level and show rising trend based on real-time DHM data,"Department of Hydrology and Meteorology (DHM) Nepal, ICIMOD",48 hours,True,Evacuation actions conditional on river levels surpassing danger level and rising trend after activation trigger,multi-stage,True
16862,Guatemala - Floods EAP (MDRGT024),Flood,trigger_statement_1,0,1,60% probability that the path of a tropical storm (63 km/hr) or greater will enter the cyclone emergency zone of Guatemala,"National Institute of Seismology, Volcanology, Meteorology and Hydrology (INSIVUMEH) of Guatemala and National Hurricane Center (NOAA)",3 to 5 days,False,,dual-trigger,False
16862,Guatemala - Floods EAP (MDRGT024),Flood,trigger_statement_2,0,1,GLoFAS forecast exceeds 50% probability for a 3-year return period flood event in high flood risk areas,Global Flood Awareness System (GLoFAS),3 days,False,,dual-trigger,False
16877,Guatemala - Drought EAP (MDRGT023),Drought,trigger_statement_1,0,4,El Niño warning issued by INSIVUMEH for area 3.4,INSIVUMEH using IRI forecast,3 months,False,,dual-trigger,True
16877,Guatemala - Drought EAP (MDRGT023),Drought,trigger_statement_1,1,4,70% probability,INSIVUMEH using IRI forecast,3 months,False,,dual-trigger,True
16877,Guatemala - Drought EAP (MDRGT023),Drought,trigger_statement_1,2,4,Forecast period: next 3 months,INSIVUMEH using IRI forecast,3 months,False,,dual-trigger,True
16877,Guatemala - Drought EAP (MDRGT023),Drought,trigger_statement_1,3,4,Forecast issued as of June,INSIVUMEH using IRI forecast,3 months,False,,dual-trigger,True
16877,Guatemala - Drought EAP (MDRGT023),Drought,trigger_statement_2,0,3,Seasonal precipitation forecast issued by INSIVUMEH starting in June,INSIVUMEH,3 months,False,,dual-trigger,True
16877,Guatemala - Drought EAP (MDRGT023),Drought,trigger_statement_2,1,3,50% probability of precipitation below the first tercile (33rd percentile),INSIVUMEH,3 months,False,,dual-trigger,True
16877,Guatemala - Drought EAP (MDRGT023),Drought,trigger_statement_2,2,3,Forecast period: next 3 months,INSIVUMEH,3 months,False,,dual-trigger,True
16946,Comoros - Volcanic Ash (EAP) (MDRKM012),Volcanic Ash,trigger_statement_1,0,3,Level 1 (yellow alert) bulletin received two weeks before impact,"Observatoire Volcanologique du Karthala (OVK), Centre National de Documentation et de la Recherche Scientifique des Comores",Yellow alert: 2 weeks before impact; Orange alert: 4 days before impact; Red alert: 2 days before impact,True,Orange alert activation depends on prior yellow alert; red alert follows orange alert,multi-stage,False
16946,Comoros - Volcanic Ash (EAP) (MDRKM012),Volcanic Ash,trigger_statement_1,1,3,"Level 2 (orange alert) bulletin received four days before impact, triggered by anomalies such as second-level seismic crisis, second-level micro-deformation of the ground, and changes in gas composition (carbon dioxide accumulation) persisting for several hours a day","Observatoire Volcanologique du Karthala (OVK), Centre National de Documentation et de la Recherche Scientifique des Comores",Yellow alert: 2 weeks before impact; Orange alert: 4 days before impact; Red alert: 2 days before impact,True,Orange alert activation depends on prior yellow alert; red alert follows orange alert,multi-stage,False
16946,Comoros - Volcanic Ash (EAP) (MDRKM012),Volcanic Ash,trigger_statement_1,2,3,Level 3 (red alert) bulletin received two days before impact,"Observatoire Volcanologique du Karthala (OVK), Centre National de Documentation et de la Recherche Scientifique des Comores",Yellow alert: 2 weeks before impact; Orange alert: 4 days before impact; Red alert: 2 days before impact,True,Orange alert activation depends on prior yellow alert; red alert follows orange alert,multi-stage,False
16988,Eswatini - Drought EAP (MDRSZ005),Drought,trigger_statement_1,0,2,Below to normal rainfall forecast issued by Eswatini Meteorological Services starting in September,Eswatini Meteorological Services,3 months (seasonal lead time),True,The second trigger based on CDI monitoring in mid-January is conditional on the initial seasonal forecast trigger starting in September.,dual-trigger,True
16988,Eswatini - Drought EAP (MDRSZ005),Drought,trigger_statement_1,1,2,Low Composite Drought Index (CDI) average observed over the October-November-December (OND) season,Eswatini Meteorological Services,3 months (seasonal lead time),True,The second trigger based on CDI monitoring in mid-January is conditional on the initial seasonal forecast trigger starting in September.,dual-trigger,True
17037,Bangladesh - Cyclone EAP (MDRBD033),Storm,trigger_statement_1,0,3,BMD issues a Signal 4 or above warning with a lead time of 72 hours or more,"Bangladesh Meteorological Department (BMD), Indian Meteorological Department (IMD), ECMWF, GFS, JTWC",72 hours or more,False,,dual-trigger,False
17037,Bangladesh - Cyclone EAP (MDRBD033),Storm,trigger_statement_1,1,3,"At least two models among BMD, IMD, ECMWF, GFS, JTWC forecast wind speeds of 125 km/h or greater in coastal districts of Bangladesh with a lead time of 72 hours or more","Bangladesh Meteorological Department (BMD), Indian Meteorological Department (IMD), ECMWF, GFS, JTWC",72 hours or more,False,,dual-trigger,False
17037,Bangladesh - Cyclone EAP (MDRBD033),Storm,trigger_statement_1,2,3,Potential damage of 25% household assets in the respective Unions,"Bangladesh Meteorological Department (BMD), Indian Meteorological Department (IMD), ECMWF, GFS, JTWC",72 hours or more,False,,dual-trigger,False
17037,Bangladesh - Cyclone EAP (MDRBD033),Storm,trigger_statement_2,0,3,BMD issues a Signal 7 or above warning with a lead time of 30 hours or more,"Bangladesh Meteorological Department (BMD), Indian Meteorological Department (IMD)",30 hours or more,True,Activation stage is conditional on the pre-activation stage being met first,dual-trigger,False
17037,Bangladesh - Cyclone EAP (MDRBD033),Storm,trigger_statement_2,1,3,BMD or IMD forecast wind speeds of 125 km/h or greater in coastal districts of Bangladesh with a lead time of 30 hours or more,"Bangladesh Meteorological Department (BMD), Indian Meteorological Department (IMD)",30 hours or more,True,Activation stage is conditional on the pre-activation stage being met first,dual-trigger,False
17037,Bangladesh - Cyclone EAP (MDRBD033),Storm,trigger_statement_2,2,3,Potential damage of 25% household assets in the respective Unions,"Bangladesh Meteorological Department (BMD), Indian Meteorological Department (IMD)",30 hours or more,True,Activation stage is conditional on the pre-activation stage being met first,dual-trigger,False
17039,Mozambique - Cyclone EAP (MDRMZ021),Storm,trigger_statement_1,0,2,Category 3 cyclone with anticipated wind speed of 120 km/h or more at landfall,"National Meteorological Institute (INAM), Technical Committee for Disaster Management (CTGC), Cruz Vermelha de Mozambique (CVM), IFRC, Red Cross and Red Crescent Climate Centre (RCCC)",72 hours before landfall,True,"Activation below 120 km/h threshold requires expert consensus between CVM and IFRC, considering government and technical expert consultations, and is conditional on increased vulnerability or compounding risks such as pandemics or recent natural disasters.",single-trigger,True
17039,Mozambique - Cyclone EAP (MDRMZ021),Storm,trigger_statement_1,1,2,Exceptional activation possible at 100 km/h wind speed based on expert consensus due to increased vulnerability or compounding risks,"National Meteorological Institute (INAM), Technical Committee for Disaster Management (CTGC), Cruz Vermelha de Mozambique (CVM), IFRC, Red Cross and Red Crescent Climate Centre (RCCC)",72 hours before landfall,True,"Activation below 120 km/h threshold requires expert consensus between CVM and IFRC, considering government and technical expert consultations, and is conditional on increased vulnerability or compounding risks such as pandemics or recent natural disasters.",single-trigger,True
17042,Mozambique - Cyclone EAP (MDRMZ021),Storm,trigger_statement_1,0,2,Category 3 cyclone with anticipated wind speed of 120 km/h or more at landfall,"National Meteorological Institute (INAM), Technical Committee for Disaster Management (CTGC), Cruz Vermelha de Mozambique (CVM), IFRC, Red Cross and Red Crescent Climate Centre (RCCC)",72 hours before landfall,True,Activation requires official disaster alert announcement by the Technical Committee for Disaster Management (CTGC) after INAM issues the forecast; exceptional activation below threshold requires consensus between CVM and IFRC with government and expert consultation.,single-trigger,True
17042,Mozambique - Cyclone EAP (MDRMZ021),Storm,trigger_statement_1,1,2,Exceptional activation possible at 100 km/h wind speed based on expert consensus due to increased vulnerability or compounding risks,"National Meteorological Institute (INAM), Technical Committee for Disaster Management (CTGC), Cruz Vermelha de Mozambique (CVM), IFRC, Red Cross and Red Crescent Climate Centre (RCCC)",72 hours before landfall,True,Activation requires official disaster alert announcement by the Technical Committee for Disaster Management (CTGC) after INAM issues the forecast; exceptional activation below threshold requires consensus between CVM and IFRC with government and expert consultation.,single-trigger,True
17044,Mozambique - Floods EAP (MDRMZ022),Flood,trigger_statement_1,0,2,Water level corresponding to discharge of five-year return period at the river basin reference station,"National Institute of Meteorology (INAM), National Directorate of Water Resources Management (DNGRH), REPRESA project through GloFAS",3 days,False,,dual-trigger,True
17044,Mozambique - Floods EAP (MDRMZ022),Flood,trigger_statement_1,1,2,Trigger level reached within 72 hours (3 days),"National Institute of Meteorology (INAM), National Directorate of Water Resources Management (DNGRH), REPRESA project through GloFAS",3 days,False,,dual-trigger,True
17044,Mozambique - Floods EAP (MDRMZ022),Flood,trigger_statement_2,0,2,GloFAS forecast indicating flood risk with approximately 7 days lead time for Buzi and Licungo rivers,REPRESA project through GloFAS,3 to 7 days,False,,dual-trigger,True
17044,Mozambique - Floods EAP (MDRMZ022),Flood,trigger_statement_2,1,2,GloFAS forecast indicating flood risk with 3 to 7 days lead time for Limpopo river,REPRESA project through GloFAS,3 to 7 days,False,,dual-trigger,True
17090,Honduras - Population Movement EAP (MDRHN021),Population Movement,trigger_statement_1,0,3,Two months of positive flow trend,"Steering Committee of the Migration Roundtable, based on data from National Migration Institute of Honduras (INM), National Migration Service of Panama, IFRC GO Platform, International Organization for Migration (IOM)",30 to 90 days,False,,single-trigger,False
17090,Honduras - Population Movement EAP (MDRHN021),Population Movement,trigger_statement_1,1,3,"Projection of more than 23,000 people (5% of the highest monthly flow) crossing the border for the following month","Steering Committee of the Migration Roundtable, based on data from National Migration Institute of Honduras (INM), National Migration Service of Panama, IFRC GO Platform, International Organization for Migration (IOM)",30 to 90 days,False,,single-trigger,False
17090,Honduras - Population Movement EAP (MDRHN021),Population Movement,trigger_statement_1,2,3,40% decrease of the response capacity,"Steering Committee of the Migration Roundtable, based on data from National Migration Institute of Honduras (INM), National Migration Service of Panama, IFRC GO Platform, International Organization for Migration (IOM)",30 to 90 days,False,,single-trigger,False
17090,Honduras - Population Movement EAP (MDRHN021),Population Movement,trigger_statement_2,0,3,High probability of flows of people in transit exceeding regular monthly thresholds,Steering Committee of the Migration Roundtable,30 to 90 days,False,,single-trigger,False
17090,Honduras - Population Movement EAP (MDRHN021),Population Movement,trigger_statement_2,1,3,Initial execution time between 30 to 90 days,Steering Committee of the Migration Roundtable,30 to 90 days,False,,single-trigger,False
17090,Honduras - Population Movement EAP (MDRHN021),Population Movement,trigger_statement_2,2,3,Insufficient operational and financial capacity to deal with the threat in coming weeks or months,Steering Committee of the Migration Roundtable,30 to 90 days,False,,single-trigger,False
17092,Honduras - Floods EAP (MDRHN020),Flood,trigger_statement_1,0,1,60% probability of a tropical storm (34 knots) or greater reaching the warning area,CENAOS or NOAA (National Hurricane Center),3 to 5 days,False,,dual-trigger,False
17092,Honduras - Floods EAP (MDRHN020),Flood,trigger_statement_2,0,1,Exceeds 50% probability for a 10-year return period flood event in high flood hazard areas,GEOGLOWS/GloFAS,3 days,False,,dual-trigger,False
17174,Costa Rica - Floods EAP (MDRCR024),Flood,trigger_statement_1,0,3,Forecast of a tropical storm entering at least Zone 3 as per IMN Emergency Protocol,National Meteorological Institute (IMN),5 days,False,,dual-trigger,True
17174,Costa Rica - Floods EAP (MDRCR024),Flood,trigger_statement_1,1,3,60% probability of occurrence,National Meteorological Institute (IMN),5 days,False,,dual-trigger,True
17174,Costa Rica - Floods EAP (MDRCR024),Flood,trigger_statement_1,2,3,Lead time of 5 days,National Meteorological Institute (IMN),5 days,False,,dual-trigger,True
17174,Costa Rica - Floods EAP (MDRCR024),Flood,trigger_statement_2,0,4,Forecast of extreme rainfall with high probability of exceeding 400 mm accumulated precipitation over 5 days,National Meteorological Institute (IMN),"5 days (initial forecast), with updates at day 2 after activation",False,Trigger 2 can activate independently of Trigger 1,dual-trigger,True
17174,Costa Rica - Floods EAP (MDRCR024),Flood,trigger_statement_2,1,4,"If updated forecast on day 2 after activation indicates rainfall exceeding 300 mm over 3 days, early actions continue",National Meteorological Institute (IMN),"5 days (initial forecast), with updates at day 2 after activation",False,Trigger 2 can activate independently of Trigger 1,dual-trigger,True
17174,Costa Rica - Floods EAP (MDRCR024),Flood,trigger_statement_2,2,4,Trigger 2 may be declared directly when cumulative rainfall between 300 and 400 mm is forecast,National Meteorological Institute (IMN),"5 days (initial forecast), with updates at day 2 after activation",False,Trigger 2 can activate independently of Trigger 1,dual-trigger,True
17174,Costa Rica - Floods EAP (MDRCR024),Flood,trigger_statement_2,3,4,Association with formation of tropical depression in danger zone 1 or 2,National Meteorological Institute (IMN),"5 days (initial forecast), with updates at day 2 after activation",False,Trigger 2 can activate independently of Trigger 1,dual-trigger,True
17240,Ecuador - Volcanic Ash (MDREC024),Volcanic Ash,trigger_statement_1,0,1,"Significant increase in internal volcanic activity parameters such as seismicity, gas emissions, deformation",IGEPN (Geophysical Institute of the National Polytechnic School),,False,,dual-trigger,True
17240,Ecuador - Volcanic Ash (MDREC024),Volcanic Ash,trigger_statement_2,0,2,Increase in parameters of internal volcanic activity (Special Report B),"IGEPN (Geophysical Institute of the National Polytechnic School), ASH3D Ash Fall and Dispersion Model",,True,Conditional on prior activation of Trigger 1 (Special Report A) indicating significant changes in volcanic activity,dual-trigger,True
17240,Ecuador - Volcanic Ash (MDREC024),Volcanic Ash,trigger_statement_2,1,2,Eruptive event with explosive index VEI 3 and ash fall exceeding 2 mm as per ASH3D model (Special Report C),"IGEPN (Geophysical Institute of the National Polytechnic School), ASH3D Ash Fall and Dispersion Model",,True,Conditional on prior activation of Trigger 1 (Special Report A) indicating significant changes in volcanic activity,dual-trigger,True
17253,Greece - Extreme Heat sEAP (MDRGR005),Heatwave,trigger_statement_1,0,4,Category 1 – 1% to 12.49% excess mortality,National Observatory of Athens (NOA) using the Arsht-Rockefeller and Atlantic Council Extreme Temperature Categorization system,5 days,False,,single-trigger,False
17253,Greece - Extreme Heat sEAP (MDRGR005),Heatwave,trigger_statement_1,1,4,Category 2 – 12.5% to 29.9% excess mortality,National Observatory of Athens (NOA) using the Arsht-Rockefeller and Atlantic Council Extreme Temperature Categorization system,5 days,False,,single-trigger,False
17253,Greece - Extreme Heat sEAP (MDRGR005),Heatwave,trigger_statement_1,2,4,Category 3 – 30% or higher excess mortality (ranging upwards as high as 45% to 65% excess daily mortality),National Observatory of Athens (NOA) using the Arsht-Rockefeller and Atlantic Council Extreme Temperature Categorization system,5 days,False,,single-trigger,False
17253,Greece - Extreme Heat sEAP (MDRGR005),Heatwave,trigger_statement_1,3,4,Trigger threshold: Category 3 with predicted excess mortality of 45% or higher,National Observatory of Athens (NOA) using the Arsht-Rockefeller and Atlantic Council Extreme Temperature Categorization system,5 days,False,,single-trigger,False
17272,Ethiopia - Drought EAP (MDRET033),Drought,trigger_statement_1,0,4,More than 50% of the geographical area of a zone predicted to be drier than normal conditions (SPI < -1),"ECMWF, ICPAC, EMI, LEAP model",1 month in advance of the season for first trigger; 1 month after the start of the season for second trigger,True,The second trigger (crop yield reduction) is conditional on the first trigger (seasonal forecast indicating drought conditions) being met.,dual-trigger,True
17272,Ethiopia - Drought EAP (MDRET033),Drought,trigger_statement_1,1,4,At least 40% probability of below normal rainfall for JJA season,"ECMWF, ICPAC, EMI, LEAP model",1 month in advance of the season for first trigger; 1 month after the start of the season for second trigger,True,The second trigger (crop yield reduction) is conditional on the first trigger (seasonal forecast indicating drought conditions) being met.,dual-trigger,True
17272,Ethiopia - Drought EAP (MDRET033),Drought,trigger_statement_1,2,4,At least 45% probability of below normal rainfall for OND and MAM seasons,"ECMWF, ICPAC, EMI, LEAP model",1 month in advance of the season for first trigger; 1 month after the start of the season for second trigger,True,The second trigger (crop yield reduction) is conditional on the first trigger (seasonal forecast indicating drought conditions) being met.,dual-trigger,True
17272,Ethiopia - Drought EAP (MDRET033),Drought,trigger_statement_1,3,4,Crop yield reduction predicted to be more than 50% based on LEAP index,"ECMWF, ICPAC, EMI, LEAP model",1 month in advance of the season for first trigger; 1 month after the start of the season for second trigger,True,The second trigger (crop yield reduction) is conditional on the first trigger (seasonal forecast indicating drought conditions) being met.,dual-trigger,True
17301,Bangladesh - Heatwave EAP (MDRBD032),Heatwave,trigger_statement_1,0,2,Temperature of 38°C or more for two consecutive days,ECMWF and/or GFS for pre-activation; Bangladesh Meteorological Department (BMD) and either ECMWF or GFS for activation,5-7 days for pre-activation; 2-3 days for activation,True,Activation trigger depends on pre-activation trigger being met first,dual-trigger,True
17301,Bangladesh - Heatwave EAP (MDRBD032),Heatwave,trigger_statement_1,1,2,Heat index of 38 or more for two consecutive days,ECMWF and/or GFS for pre-activation; Bangladesh Meteorological Department (BMD) and either ECMWF or GFS for activation,5-7 days for pre-activation; 2-3 days for activation,True,Activation trigger depends on pre-activation trigger being met first,dual-trigger,True
17333,Kyrgyzstan - Heatwave (MDRKG016),Heatwave,trigger_statement_1,0,5,Temperature exceeds the 85th percentile for three or more consecutive days during June to August,Kyrgyzhydromet,"4 days (initial trigger), 72 hours (confirmation and stop mechanism)",False,,single-trigger,True
17333,Kyrgyzstan - Heatwave (MDRKG016),Heatwave,trigger_statement_1,1,5,Lead time of 4 days for selected local points,Kyrgyzhydromet,"4 days (initial trigger), 72 hours (confirmation and stop mechanism)",False,,single-trigger,True
17333,Kyrgyzstan - Heatwave (MDRKG016),Heatwave,trigger_statement_1,2,5,Forecast monitored with ±2 degrees tolerance,Kyrgyzhydromet,"4 days (initial trigger), 72 hours (confirmation and stop mechanism)",False,,single-trigger,True
17333,Kyrgyzstan - Heatwave (MDRKG016),Heatwave,trigger_statement_1,3,5,72-hour forecast used to confirm heatwave occurrence,Kyrgyzhydromet,"4 days (initial trigger), 72 hours (confirmation and stop mechanism)",False,,single-trigger,True
17333,Kyrgyzstan - Heatwave (MDRKG016),Heatwave,trigger_statement_1,4,5,Heatwave occurrence probability with 72-hour lead time less than 75% triggers stop mechanism,Kyrgyzhydromet,"4 days (initial trigger), 72 hours (confirmation and stop mechanism)",False,,single-trigger,True
17366,Pakistan - Riverine Flood (MDRPK024),Flood,trigger_statement_1,0,2,"River flow above 150,000 cusecs at Nowshera station of Kabul River predicted by flood bulletin C and significant flood warnings/advisories with 3-5 days lead time",Flood Forecasting Division (FFD) of Pakistan Meteorological Department (PMD),3-5 days for activation trigger; 24-48 hours for cash distribution confirmation,True,Cash distribution is conditional on confirmation by flood bulletin A or B after initial activation by flood bulletin C and significant flood warnings/advisories,dual-trigger,True
17366,Pakistan - Riverine Flood (MDRPK024),Flood,trigger_statement_1,1,2,"Confirmation of very high-level flooding with flow above 150,000 cusecs at Nowshera station of Kabul River by flood bulletin A or B within next 48 hours",Flood Forecasting Division (FFD) of Pakistan Meteorological Department (PMD),3-5 days for activation trigger; 24-48 hours for cash distribution confirmation,True,Cash distribution is conditional on confirmation by flood bulletin A or B after initial activation by flood bulletin C and significant flood warnings/advisories,dual-trigger,True
17366,Pakistan - Riverine Flood (MDRPK024),Flood,trigger_statement_2,0,3,Bulletin A: qualitative forecast with up to 3 days lead time,Flood Forecasting Division (FFD) of Pakistan Meteorological Department (PMD),Bulletin A: up to 3 days; Bulletin B: 24 hours; Bulletin C: up to 5 days,False,,dual-trigger,True
17366,Pakistan - Riverine Flood (MDRPK024),Flood,trigger_statement_2,1,3,Bulletin B: quantitative forecast for next 24 hours,Flood Forecasting Division (FFD) of Pakistan Meteorological Department (PMD),Bulletin A: up to 3 days; Bulletin B: 24 hours; Bulletin C: up to 5 days,False,,dual-trigger,True
17366,Pakistan - Riverine Flood (MDRPK024),Flood,trigger_statement_2,2,3,Bulletin C: weekly qualitative river catchment forecast with up to 5 days lead time,Flood Forecasting Division (FFD) of Pakistan Meteorological Department (PMD),Bulletin A: up to 3 days; Bulletin B: 24 hours; Bulletin C: up to 5 days,False,,dual-trigger,True
17557,Kenya - Drought (MDRKE055),Drought,trigger_statement_1,0,3,SPI value below -0.98,"Kenya Meteorological Department (KMD), Integrated Drought Risk Assessment using IBF dashboard and IPC phase projections",Up to 12 weeks,True,Trigger depends on forecast exceeding threshold in at least 3 counties; counties classified as alarm or emergency by NDMA are excluded before final trigger activation in top 3 remaining counties,single-trigger,False
17557,Kenya - Drought (MDRKE055),Drought,trigger_statement_1,1,3,At least 33% chance of occurrence,"Kenya Meteorological Department (KMD), Integrated Drought Risk Assessment using IBF dashboard and IPC phase projections",Up to 12 weeks,True,Trigger depends on forecast exceeding threshold in at least 3 counties; counties classified as alarm or emergency by NDMA are excluded before final trigger activation in top 3 remaining counties,single-trigger,False
17557,Kenya - Drought (MDRKE055),Drought,trigger_statement_1,2,3,Threshold exceeded in at least 3 of the 23 ASAL counties,"Kenya Meteorological Department (KMD), Integrated Drought Risk Assessment using IBF dashboard and IPC phase projections",Up to 12 weeks,True,Trigger depends on forecast exceeding threshold in at least 3 counties; counties classified as alarm or emergency by NDMA are excluded before final trigger activation in top 3 remaining counties,single-trigger,False
17563,Zimbabwe - Drought Protocol (MDRZW020),Drought,trigger_statement_1,0,1,Forecast of an El Nino event with an impact level corresponding to a once-in-six-year event,"Impact Based Forecast (IBF) Drought model combining ENSO forecasts, CHIRPS Data, and Vegetation Condition Index",7 months lead time starting from September to the end of the agricultural season,False,,dual-trigger,False
17563,Zimbabwe - Drought Protocol (MDRZW020),Drought,trigger_statement_2,0,2,Forecast of IPC 4 conditions in FEWSnet Food Security Forecast Reports in March and June,FEWSnet Food Security Forecast Reports and Impact Based Forecast (IBF) Drought model,March and June forecasts; drought detection by April if first trigger not activated,True,"Normally conditional on activation of the first trigger; if first trigger not activated, requires drought detection by IBF model by April and government drought declaration",dual-trigger,False
17563,Zimbabwe - Drought Protocol (MDRZW020),Drought,trigger_statement_2,1,2,"If first trigger not activated, activation requires IBF model detection of drought by April and official drought declaration by Government of Zimbabwe",FEWSnet Food Security Forecast Reports and Impact Based Forecast (IBF) Drought model,March and June forecasts; drought detection by April if first trigger not activated,True,"Normally conditional on activation of the first trigger; if first trigger not activated, requires drought detection by IBF model by April and government drought declaration",dual-trigger,False
17595,Honduras - Drought (MDRHN018),Drought,trigger_statement_1,0,3,El Niño alert in area 3.4 for the next 3 months,COPECO/CENAOS using IRI forecast,3 months,True,Trigger 1 must be met before Trigger 2 can activate the EAP,dual-trigger,True
17595,Honduras - Drought (MDRHN018),Drought,trigger_statement_1,1,3,60% probability based on IRI forecast from the OND quarter (year -1),COPECO/CENAOS using IRI forecast,3 months,True,Trigger 1 must be met before Trigger 2 can activate the EAP,dual-trigger,True
17595,Honduras - Drought (MDRHN018),Drought,trigger_statement_1,2,3,Excluding AMJ and MJJ quarters due to predictability barrier,COPECO/CENAOS using IRI forecast,3 months,True,Trigger 1 must be met before Trigger 2 can activate the EAP,dual-trigger,True
17595,Honduras - Drought (MDRHN018),Drought,trigger_statement_2,0,4,Accumulated rainfall for the next 3 months between the 10th and 20th percentile,COPECO/CENAOS climate outlook bulletin,3 months,True,Trigger 2 activation is conditional on Trigger 1 being met,dual-trigger,True
17595,Honduras - Drought (MDRHN018),Drought,trigger_statement_2,1,4,Forecasted serious precipitation deficiency,COPECO/CENAOS climate outlook bulletin,3 months,True,Trigger 2 activation is conditional on Trigger 1 being met,dual-trigger,True
17595,Honduras - Drought (MDRHN018),Drought,trigger_statement_2,2,4,Probability greater than 60%,COPECO/CENAOS climate outlook bulletin,3 months,True,Trigger 2 activation is conditional on Trigger 1 being met,dual-trigger,True
17595,Honduras - Drought (MDRHN018),Drought,trigger_statement_2,3,4,Starting in the March-May (MAM) quarter (year 1),COPECO/CENAOS climate outlook bulletin,3 months,True,Trigger 2 activation is conditional on Trigger 1 being met,dual-trigger,True
17638,Lesotho - Drought (EAP2022LS01) (MDRLS006),Drought,trigger_statement_1,0,3,Seasonal outlook issued in September indicating below normal rainfall,"Lesotho Meteorological Services (LMS), Lesotho Vulnerability Assessment Committee (LVAC)",Seasonal outlook in September (approximately 2-3 months ahead of main harvest in March/April),True,The second trigger is conditional on the first trigger being activated in September,dual-trigger,True
17638,Lesotho - Drought (EAP2022LS01) (MDRLS006),Drought,trigger_statement_1,1,3,"October, November, December (OND) rainfall confirmed below normal","Lesotho Meteorological Services (LMS), Lesotho Vulnerability Assessment Committee (LVAC)",Seasonal outlook in September (approximately 2-3 months ahead of main harvest in March/April),True,The second trigger is conditional on the first trigger being activated in September,dual-trigger,True
17638,Lesotho - Drought (EAP2022LS01) (MDRLS006),Drought,trigger_statement_1,2,3,Vulnerability Assessment Analysis report issued in January projects 20% of the population in drought-induced IPC Phase 3 and 4 in January,"Lesotho Meteorological Services (LMS), Lesotho Vulnerability Assessment Committee (LVAC)",Seasonal outlook in September (approximately 2-3 months ahead of main harvest in March/April),True,The second trigger is conditional on the first trigger being activated in September,dual-trigger,True
17645,Tajikistan - Cold Wave (EAP2022TJ02) (MDRTJ033),Cold Wave,trigger_statement_1,0,2,Temperature in GBAO below -39.0°C (1st percentile) for 3 or more consecutive days,Hydromet of Tajikistan and Committee on Emergency Situations (CoES),4 days (96 hours),False,,single-trigger,True
17645,Tajikistan - Cold Wave (EAP2022TJ02) (MDRTJ033),Cold Wave,trigger_statement_1,1,2,"Temperature in DRS, Sughd, and Khatlon below -21.1°C (2nd percentile) for 3 or more consecutive days",Hydromet of Tajikistan and Committee on Emergency Situations (CoES),4 days (96 hours),False,,single-trigger,True
17691,Kazakhstan - EAP2022KZ01 - Cold Wave (MDRKZ012),Cold Wave,trigger_statement_1,0,3,7-day temperature forecast minimum below -40°C (-35°C in Karaganda region) with precipitation and increased wind speed persisting for at least two days in any district,Kazhydromet,7 days (7-day forecast) and 3 days (3-day map alert),False,,single-trigger,False
17691,Kazakhstan - EAP2022KZ01 - Cold Wave (MDRKZ012),Cold Wave,trigger_statement_1,1,3,3-day map alert of forecast temperatures consistent with Orange level thresholds in targeted districts,Kazhydromet,7 days (7-day forecast) and 3 days (3-day map alert),False,,single-trigger,False
17691,Kazakhstan - EAP2022KZ01 - Cold Wave (MDRKZ012),Cold Wave,trigger_statement_1,2,3,"Region-specific temperature thresholds for Orange level: Northern Kazakhstan -40°C, Akmola -40°C, Kostanay -40°C, Pavlodar -40°C, Eastern Kazakhstan (including Abay) -40°C, Karaganda -35°C",Kazhydromet,7 days (7-day forecast) and 3 days (3-day map alert),False,,single-trigger,False
18031,Tajikistan - Heat Wave (EAP2021TJ01) (MDRTJ034),Heatwave,trigger_statement_1,0,2,Day temperature exceeding 39.5°C in the North for 4 consecutive days during July-August,"Tajik Hydromet using BAGROV, COSMO, ECMWF, and WRF models",5 days,False,,single-trigger,True
18031,Tajikistan - Heat Wave (EAP2021TJ01) (MDRTJ034),Heatwave,trigger_statement_1,1,2,Day temperature exceeding 43.5°C in the South for 4 consecutive days during July-August,"Tajik Hydromet using BAGROV, COSMO, ECMWF, and WRF models",5 days,False,,single-trigger,True
25999,Nepal - Heatwave sEAP (MDRNP020),Heatwave,trigger_statement_1,0,4,"Observed Conditions: Daily maximum temperature (Tmax) exceeding 41°C in Nepalgunj, 40.5°C in Dhangadi, 37.5°C in Biratnagar, 40.5°C in Siddharthanagar",Department of Hydrology and Meteorology (DHM),3 days,True,Forecast criteria activation is conditional on observed conditions being met first (both Tmax and Rh thresholds),dual-trigger,False
25999,Nepal - Heatwave sEAP (MDRNP020),Heatwave,trigger_statement_1,1,4,Observed Conditions: Relative humidity (Rh) of 45 percent or higher in the respective city where Tmax condition is met,Department of Hydrology and Meteorology (DHM),3 days,True,Forecast criteria activation is conditional on observed conditions being met first (both Tmax and Rh thresholds),dual-trigger,False
25999,Nepal - Heatwave sEAP (MDRNP020),Heatwave,trigger_statement_1,2,4,Forecast Criteria: DHM issues a red alert heatwave bulletin ('take action') for the next 3 days in the target city or its associated district,Department of Hydrology and Meteorology (DHM),3 days,True,Forecast criteria activation is conditional on observed conditions being met first (both Tmax and Rh thresholds),dual-trigger,False
25999,Nepal - Heatwave sEAP (MDRNP020),Heatwave,trigger_statement_1,3,4,Forecast Criteria: Numerical Weather Prediction (NWP) from DHM forecasts daily maximum temperature above the 99th percentile threshold in the target city/municipality for the next 3 consecutive days,Department of Hydrology and Meteorology (DHM),3 days,True,Forecast criteria activation is conditional on observed conditions being met first (both Tmax and Rh thresholds),dual-trigger,False
26012,Niger - Drought EAP (MDRNE031),Drought,trigger_statement_1,0,2,40% or more probability of below-normal rainfall totals over July to September,European Centre for Medium-Range Weather Forecasts (ECMWF) and national meteorological service,Approximately 3 to 5 months ahead (forecast issued in April for July-September period),False,,multi-stage,True
26012,Niger - Drought EAP (MDRNE031),Drought,trigger_statement_1,1,2,Forecast issued in April,European Centre for Medium-Range Weather Forecasts (ECMWF) and national meteorological service,Approximately 3 to 5 months ahead (forecast issued in April for July-September period),False,,multi-stage,True
26012,Niger - Drought EAP (MDRNE031),Drought,trigger_statement_2,0,2,Fodder deficit of 40% or more,Ministry of Livestock,Approximately 1 month ahead (assessment in November),False,,multi-stage,True
26012,Niger - Drought EAP (MDRNE031),Drought,trigger_statement_2,1,2,Assessment conducted in November,Ministry of Livestock,Approximately 1 month ahead (assessment in November),False,,multi-stage,True
26012,Niger - Drought EAP (MDRNE031),Drought,trigger_statement_3,0,2,Region in IPC Phase 3 or higher due to drought,Cadre Harmonisé analysis and Ministry of Agriculture,Approximately 1 month ahead (November data),False,,multi-stage,True
26012,Niger - Drought EAP (MDRNE031),Drought,trigger_statement_3,1,2,Cadre Harmonisé results from November,Cadre Harmonisé analysis and Ministry of Agriculture,Approximately 1 month ahead (November data),False,,multi-stage,True
26020,Fiji - Tropical Cyclone  sEAP (MDRFJ008),Storm,trigger_statement_1,0,4,Tropical cyclone forecasted to cause winds of at least 64 knots (Category 3 on Australian scale),"Regional Specialized Meteorological Centre (RSMC) Nadi, Fiji Meteorological Services, OCHA Centre for Humanitarian Data, Fiji NDMO","Readiness trigger at 120 hours (5 days), Action trigger at 72 hours (3 days)",True,Action trigger is conditional on the readiness trigger being met first based on lead time forecasts,multi-stage,False
26020,Fiji - Tropical Cyclone  sEAP (MDRFJ008),Storm,trigger_statement_1,1,4,"Population in affected zone at least 5,000 people","Regional Specialized Meteorological Centre (RSMC) Nadi, Fiji Meteorological Services, OCHA Centre for Humanitarian Data, Fiji NDMO","Readiness trigger at 120 hours (5 days), Action trigger at 72 hours (3 days)",True,Action trigger is conditional on the readiness trigger being met first based on lead time forecasts,multi-stage,False
26020,Fiji - Tropical Cyclone  sEAP (MDRFJ008),Storm,trigger_statement_1,2,4,Readiness trigger: wind field indicated by 120-hour (5-day) forecast meets conditions,"Regional Specialized Meteorological Centre (RSMC) Nadi, Fiji Meteorological Services, OCHA Centre for Humanitarian Data, Fiji NDMO","Readiness trigger at 120 hours (5 days), Action trigger at 72 hours (3 days)",True,Action trigger is conditional on the readiness trigger being met first based on lead time forecasts,multi-stage,False
26020,Fiji - Tropical Cyclone  sEAP (MDRFJ008),Storm,trigger_statement_1,3,4,Action trigger: wind field indicated by 72-hour (3-day) forecast meets conditions,"Regional Specialized Meteorological Centre (RSMC) Nadi, Fiji Meteorological Services, OCHA Centre for Humanitarian Data, Fiji NDMO","Readiness trigger at 120 hours (5 days), Action trigger at 72 hours (3 days)",True,Action trigger is conditional on the readiness trigger being met first based on lead time forecasts,multi-stage,False
26020,Fiji - Tropical Cyclone  sEAP (MDRFJ008),Storm,trigger_statement_2,0,1,Average rainfall over the whole country during two consecutive days reaches 190 mm,"National Anticipatory Action Framework, Fiji Red Cross, Fiji Meteorological Services, NDMO",Post-event (observational),False,,multi-stage,False
